artist_name,wiki_nationality
KELLY CLARKSON,United States of America
murta feat jura,Unknown
Seal,Unknown
SELENA GOMEZ,United States of America
Casper Magico ,Unknown
SPANDAU BALLET,Unknown
LIGHTHOUSE FAMILY,Unknown
DAVID GUETTA x GIRL ON COUCH x BILLEN TED,Unknown
Mary J. Blige,United States of America
FLOWEROVLOVE,Unknown
Run the Jewels ,Unknown
"karol g, maldy ",Unknown
PAT BENATAR,United States of America
BERLIN,Unknown
"Quincy Jones, Tevin Campbell",United States of America
LINDA PERRY,United States of America
Jay Sean,United Kingdom
MIMI WEBB,United Kingdom
LUKAS GRAHAM,Unknown
ENRIQUE IGLESIAS FT. PITBULL,Unknown
RIHANNA feat. NE-YO,Unknown
BRYAN ADAMS [+] ROD STEWART [+] STING,Unknown
TEMPTATIONS,Unknown
FRANKiE GOES TO HOLLYWOOD,Unknown
the cure,Unknown
GYM CLASS HEROES [+] PATRICK STUMP,Unknown
BILLIE EILISH,United States of America
GIGI PEREZ,United States of America
Heróis do Mar,Unknown
Major Lazer,Unknown
EUROPE,Unknown
ESTELLE [+] KANYE WEST,United Kingdom
Joji,Japan
Miguel Dias,Cuba
Nicki Minaj ,Trinidad and Tobago
Niall Horan,Ireland
"D.A.M.A, LOS ROMEROS",El Salvador
James Bay,Unknown
Sam Smith,United Kingdom
SHAWN MENDES & CAMILA CABELLO,Unknown
DJ Snake,France
Marshmello,United States of America
Foo Fighters,Unknown
JVKE,United States of America
Jovem Dionisio,Unknown
"MIGUEL ARAUJO, OS QUATRO E MEIA",Unknown
WET BED GANG,Unknown
James Morrison,United Kingdom
"PABLO ALBORAN, MARIA BECERRA",Spain
JAMES BAY,Unknown
TYLA,South Africa
BIANCA BARROS,Unknown
LOST FREQUENCIES & CALUM SCOTT,Unknown
Destiny's Child,Unknown
Kodak Black ,United States of America
Cian Ducrot,Ireland
HALSEY,Unknown
JAMES ARTHUR,United Kingdom
ALEXANDRA STAN,Romania
SIA,Australia
HOOBASTANK,Unknown
Leela James,United States of America
Creed,Unknown
Kings of Leon,Unknown
DJO,Unknown
JULINHO KSD FEAT. SORAIA RAMOS,Unknown
CARLY RAE JEPSEN,Canada
DAVID CARREIRA FEAT. DJODJE,Unknown
Kali Uchis,United States of America
Tiago Bettencourt,Portugal
"NUNO RIBEIRO, LOONY JOHNSON",Unknown
Pharrell Williams,United States of America
Doja Cat,United States of America
Gama WNTD,Unknown
ELTON JOHN,United Kingdom
MODJO,Unknown
USHER feat. PITBULL,Unknown
CARLAO,Unknown
"AgroPlay, Ana Castela",Brazil
Imagine Dragons,Unknown
"Buba Espinho, Bárbara Tinoco",Unknown
Liam Payne,United Kingdom
ADELE,United Kingdom
Riton,Unknown
Hugel,Unknown
Matuê,Brazil
JUSTIN BIEBER,Canada
ONEREPUBLIC,Unknown
JURA,Unknown
"SYRO, BISPO",Unknown
Bzrp ,Argentina
"Lady Gaga, Colby Odonis",United States of America
"DIOGO PIÇARRA, PEDRO ABRUNHOSA",Unknown
Seu Jorge,Brazil
ELIZA ROSE & CALVIN HARRIS,United Kingdom
Bruce Springsteen,United States of America
"Nelly Furtado, Reamonn",Ireland
BRITNEY SPEARS,United States of America
Plain White T's,Unknown
Madcon,Unknown
LENNY KRAVITZ,United States of America
RICHIE CAMPBELL,United Kingdom
SORAIA RAMOS FEAT. CAROLINA DESLANDES,Unknown
"Ana Moura, Pedro Mafama",Portugal
"IVANDRO, VITOR KLEY",Unknown
ATOA & GRUPO ACADEMICO SEISTETOS,Unknown
BASTILLE,Unknown
"DJ WN, DJ GM, MC PULIN DA CAPITAL, RYAN SP, PIEDRO & DANIEL",Unknown
ADDISON RAE,United States of America
JASON DERULO,United States of America
THE WEEKND FT. DAFT PUNK,Unknown
"BLUAY, JULINHO KSD",Unknown
SLOW J,Portugal
Jaymes Young,United States of America
"BIANCA BARROS, NUNO LANHOSO, RITA ROCHA",Unknown
KHALID & NORMANI,United States of America
"LMFAO, Lauren Bennett , Goonrock",United Kingdom
"Pink, Nate Ruess",United States of America
David Carreira,Portugal
BARBARA TINOCO,Portugal
Richie Campbell,United Kingdom
Os Azeitonas,Unknown
MARK RONSON [+] AMY WINEHOUSE,Unknown
HANUMANKIND feat. KALMI,Unknown
"BRUNO MARS, LADY GAGA",Unknown
BTS,Unknown
ALICIA KEYS,United States of America
"Jimmy P, Diogo Piçarra",Portugal
Reamonn,Unknown
Zayn,United Kingdom
Christina Perri,United States of America
Maluma,Colombia
Young Thug ,United States of America
Rosa Linn,Armenia
T-Rex,Unknown
MIZZY MILES FEAT. VAN ZEE & BISPO,Portugal
Hozier,Ireland
CAROLINA DE DEUS,Unknown
ELTON JOHN & DUA LIPA,Unknown
Kate Winslet,United Kingdom
FERNANDO DANIEL FT. MELIM,Unknown
VANESSA DA MATA [+] BEN HARPER,Brazil
B.o.B.,United States of America
"Zzoilo, Aitana",Spain
d4vd,United States of America
Pablo Alborán,Spain
Karol G ,Colombia
LORDE,New Zealand
MEGAN THEE STALLION & RENEE RAPP,United States of America
MATIAS DAMÁSIO,Angola
Artemas,United Kingdom
ALEXANDRA BURKE,United Kingdom
SHAKIRA feat. CARDI B.,Unknown
PHIL COLLINS,United Kingdom
Rihanna,Barbados
BEYONCE,United States of America
"Jonas Blue, JP Cooper",Unknown
WIZ KHALIFA feat. SNOOP DOGG & BRUNO MARS,Unknown
lil uzi vert ,United States of America
"Pink, Willow Sage Hart",Unknown
DAVID CARREIRA feat. KELL SMITH,Portugal
CARLÃO,Unknown
RAYE feat. 070 SHAKE,Unknown
JASON DERULO FEAT. DIDO,United States of America
THE SCRIPT,Unknown
Jennifer Lopez,United States of America
RIHANNA,Barbados
SNOW PATROL,Unknown
Harry Styles,United Kingdom
BEYONCÃ‰ & SHAKIRA,Unknown
PEDRO SAMPAIO,Brazil
Resistência,Unknown
Liquideep,Unknown
PURPLE DISCO MACHINE & KUNGS,Germany
Bianca Barros,Unknown
Diogo Piçarra,Portugal
Leona Lewis,United Kingdom
Rui Veloso,Portugal
"THE WEEKND, PLAYBOI CARTI",Unknown
Grelo,Canada
"Taylor Swift, Shawn Mendes",Unknown
BLACK EYED PEAS x OZUNA x J. REY SOUL,Unknown
TIESTO FT. KAROL G,Kingdom of the Netherlands
Alicia Keys,United States of America
IÑIGO QUINTERO,Spain
ALEX WARREN,United States of America
KENYA GRACE,United Kingdom
Daft Punk,Unknown
BISPO,Unknown
"Avicii, Aloe Blacc",Unknown
Zero 7,Unknown
Ashanti,Unknown
ANA MOURA FT. PEDRO MÁFAMA,Unknown
"Ivandro, Vitor Kley",Unknown
BENSON BOONE,United States of America
"Topic, A7S",Sweden
Jordin Sparks,United States of America
CYRIL & MARYJO,Unknown
MUNI LONG,United States of America
PIRUKA feat. BLUAY,Portugal
LOST FREQUENCIES,Belgium
Leonor Arroja,Unknown
"Pablo Alborán, Maria Becerra",Spain
Slow J,Portugal
"Chris Brown, Young Thug",Unknown
OLIVIA NEWTON-JOHN,Australia
French Montana,Algeria
JAYMES YOUNG,United States of America
DIOGO PIÇARRA FT. CAROLINA DESLANDES,Unknown
ANAVITORIA FT. DIOGO PIÇARRA,Unknown
JÃO,Brazil
The Lumineers,Unknown
Gavin James,Unknown
THE WEEKND FT SWEDISH HOUSE MAFIA,Unknown
SORAIA RAMOS,Unknown
"David Fonseca, Márcia",Unknown
"Os Quatro e Meia, Carlão",Unknown
Daddy Yankee ,United States of America
ANA VILELA FT. DAVID CARREIRA,Unknown
LADY GAGA [+] COLBY O`DONIS,Unknown
"COLDPLAY, BTS",Unknown
"GALANTIS, DAVID GUETTA & 5 SECONDS OF SUMMER",Unknown
Fergie,United States of America
BlocBoy JB ,United States of America
Rogério Charraz,Unknown
"Bispo, Bárbara Tinoco",Unknown
Melim,Unknown
Dennis,Unknown
LEONA LEWIS,United Kingdom
THE SCRIPT [+] WILL.I.AM,Unknown
Tyla,South Africa
Post Malone,United States of America
EXPENSIVE SOUL,Unknown
AVICII feat. ALOE BLACC,Unknown
Jessie J,United Kingdom
Pedro Abrunhosa,Portugal
3 Doors Down,Unknown
AVRIL LAVIGNE,Canada
LIMP BIZKIT,Unknown
THE WEEKND feat. KENDRICK LAMAR,Unknown
"Mizzy Miles, Bispo, Van Zee",Portugal
FINNEAS,United States of America
DAFT PUNK,Unknown
Bruno Mars,United States of America
LADY GAGA & BRUNO MARS,Unknown
OLIVIA RODRIGO,United States of America
"Jonas Blue, Dakota",England
AUREA,Unknown
ANTONIO JOSÉ FT. DIOGO PIÇARRA,Unknown
"MOBLACK & SALIF KEITA feat. CESARIA EVORA, BENJA & FRANC FALA",Unknown
"Shawn Mendes, Camila Cabello",Unknown
KAROL G,Colombia
"Calvin Harris, Disciples",Unknown
"DAVID GUETTA, ANNE-MARIE, COI LERAY",United States of America
Bandidos do Cante,Unknown
David Bowie,United Kingdom
LEWIS CAPALDI,United Kingdom
"Mark Ronson, Bruno Mars",Unknown
"Alec Benjamin, Khalid",Unknown
HARRY STYLES,United Kingdom
TROYE SIVAN,Australia
SEU JORGE,Brazil
"Imagine Dragons, Baker Boy",Unknown
João Só e Abandonados,Unknown
THE WEEKND FEAT. FUTURE,Unknown
"Bispo, Julinho Ksd",Unknown
Chris Brown,United States of America
HOZIER,Ireland
CASSO x RAYE x D-BLOCK EUROPE,Unknown
TIESTO,Kingdom of the Netherlands
MARSHMELLO & KANE BROWN,Unknown
"PITBULL feat. NE-YO, AFROJACK & NAYER",Unknown
James Arthur,United Kingdom
OneRepublic,Unknown
"Shakira, Wyclef Jean",Unknown
BECKY G & KAROL G,Colombia
Linkin Park,Unknown
MC LIVINHO & DJ MATT D,Unknown
BIZARRAP & QUEVEDO,Argentina
ED SHEERAN & BEYONCE,Unknown
BISPO FEAT. JULINHO KSD,Unknown
Lady Gaga,United States of America
Birdy,Unknown
KATY PERRY,United States of America
KERI HILSON feat. KANYE WEST & NE-YO,United States of America
"Bárbara Bandeira, Carminho",Portugal
ZAYN FT. SIA,Unknown
Megan Thee Stallion,United States of America
Zoe Wees,Germany
BENJAMIN INGROSSO,Sweden
Ana Bacalhau,Unknown
AFONSO DUBRAZ,Unknown
KYGO FEAT. ZAK ABEL & NILE RODGERS,Norway
Julinho Ksd,Unknown
Evanescence,Unknown
CORINNE BAILEY RAY,United Kingdom
"Sam Smith, Mary J. Blige",Unknown
Jeff Buckley,United States of America
BEBE REXHA,United States of America
SAM SMITH & NORMANI,Unknown
Sevdaliza,Kingdom of the Netherlands
RITA ROCHA,Unknown
PINK & WILLOW SAGE HEART,United States of America
Jung Kook,South Korea
GALANTIS,Unknown
Future,Unknown
OS QUATRO E MEIA,Unknown
DIOGO PIÇARRA,Portugal
"Left, Jüra",Unknown
Pedro Mafama,Portugal
mizzy miles ,Unknown
Rosalía,Spain
"Macklemore & Ryan Lewis, Ray Dalton",United States of America
Owl City,Unknown
"Brandi Carlile, Sam Smith",United States of America
LOST FREQUENCIES & BASTILLE,Unknown
"Fergie, will.i.am",Unknown
AVICII,Sweden
Rita Rocha,Unknown
new york new york,Unknown
"The Chainsmokers, Coldplay",Unknown
Lauren Daigle,United States of America
PEDRO SAMPAIO feat. MC PEDRINHO,Brazil
The Gift,Unknown
NUNO RIBEIRO FT. AINOA BUITRAGO,Unknown
JADE,Unknown
"Bluay, Julinho Ksd",Unknown
"Linkin Park, Jay Z",Unknown
"Lady Gaga, Bradley Cooper",Unknown
THE CHAINSMOKERS [+] HALSEY,Unknown
Lady Antebellum,Unknown
CATARINA FILIPE,Brazil
Farruko,United States of America
ELTON JOHN [+] GEORGE MICHAEL,Unknown
ELLA HENDERSON feat. RUDIMENTAL,Unknown
Mundo Segundo ,Portugal
Ana Moura,Portugal
A Garota Não,Portugal
SYRO,Unknown
Juliette,Unknown
BRUNO MARS,United States of America
"NENA, CAROLINA DE DEUS",Unknown
Red Hot Chili Peppers,Unknown
"James Arthur, Anne-Marie",Unknown
David Guetta,France
Milly ,Australia
Silk Sonic,Unknown
"Nuno Ribeiro, Mariza, Calema",Unknown
Luan Santana,Brazil
Gwen Stefani,United States of America
Cardi B,United States of America
3 DOORS DOWN,Unknown
"VEIGH, BVGA BEATZ",Unknown
MATT SIMONS,United States of America
"Eminem, Rihanna",Unknown
Noah Cyrus,United States of America
MR MISTER,Unknown
Ne-Yo,United States of America
Zé Felipe,Brazil
ARIZONA ZERVAS,United States of America
MC Livinho,Brazil
Mariah Carey,United States of America
"Nena [pt], Joana Almeirante",Unknown
Michael Kiwanuka,United Kingdom
Kate Bush,United Kingdom
LADY GAGA [+] BEYONCE,Unknown
"David Guetta, Usher",Unknown
IÃ‘IGO QUINTERO,Unknown
"Anavitória, Diogo Piçarra",Portugal
POST MALONE feat. YOUNG THUG,Unknown
Lisa [th],Thailand
"The Script , will.i.am",Unknown
SARA CORREIA,Portugal
Shaggy,Unknown
Black Eyed Peas,Unknown
Ella Mai,United Kingdom
ELTON JOHN & BRITNEY SPEARS,Unknown
"Calvin Harris, Ellie Goulding",Unknown
"Christopher, Griff",United Kingdom
Carolina Deslandes,Portugal
SOPHIE B. HAWKINS,United States of America
DAVID CARREIRA & JULIETTE,Brazil
Jão,Brazil
Caetano Veloso,Brazil
Dido,Phoenicia
POST MALONE feat. TY DOLLA $IGN,Unknown
TONI BRAXTON,United States of America
"MANINHO, MARISA LIZ",Unknown
"Jay Z, Alicia Keys",Unknown
DOJA CAT,United States of America
Nikolaj Grandjean,Unknown
HAROLD,Unknown
The Fray,Unknown
CALVIN HARRIS & SAM SMITH,Unknown
"Calvin Harris, Dua Lipa",Unknown
"BUBA ESPINHO, BÁRBARA TINOCO",Unknown
Jimin,South Korea
BEYONCÉ FEAT. JAY-Z,Unknown
"NENA, JOANA ALMEIRANTE",Unknown
Gracie Abrams,United States of America
Gims,Democratic Republic of the Congo
MARISA LIZ,Portugal
"Calvin Harris, Rihanna",Unknown
Justin Bieber,Canada
"POST MALONE, MORGEN WALLEN",Unknown
AMY WADGE,United Kingdom
Jorge Cruz,United States of America
Tatiana Duarte,Unknown
MIZZY MILES feat. IVANDRO & PIRUKA,Unknown
Mariza,Portugal
Olivia Dean,Unknown
"Bia Caboz, Piruka",Unknown
VITOR KLEY,Brazil
CHRISTINA AGUILERA,United States of America
Eddie Vedder,United States of America
Mitski,United States of America
NENNY,Portugal
"",Unknown
Usher,Unknown
Norah Jones,United States of America
NUNO RIBEIRO FT. CONAN OSIRIS,Unknown
Anastacia,United States of America
Teddy Swims,United States of America
PITBULL [+] CHRISTINA AGUILERA,Unknown
LOST FREQUENCIES feat. JANIECK DEVY,Unknown
U2,Unknown
D.A.M.A,Unknown
KYGO & PARSON JAMES,United States of America
"HMB, Carminho",Portugal
POST MALONE & SWAE LEE,Unknown
Diana Lima,Unknown
"Gwen Stefani, Akon",Unknown
Keane,Unknown
Pitbull,United States of America
MC Davi,Brazil
MANUEL TURIZO,Colombia
Bárbara Tinoco,Portugal
DENNIS x MC KEVIN O CHRIS,Unknown
TAYLOR SWIFT,United States of America
DEAN LEWIS,Australia
Sia,Australia
ISRAEL KAMAKAWIWOOLE,United States of America
ANA LAURA LOPES,Unknown
TRAIN,Unknown
"Miley Cyrus, Beyoncé",Unknown
ELLIE GOULDING,United Kingdom
Madredeus,Unknown
RAUW ALEJANDRO,United States of America
Myles Smith,United Kingdom
POST MALONE FT. 21 SAVAGE,Unknown
JOHN LEGEND,United States of America
CYRIL,Unknown
"Bluay, Irina Barros",Unknown
Lana Del Rey,United States of America
EMINEM,United States of America
"The Weeknd, Daft Punk",Unknown
"Zayn, Sia",Unknown
"Timbaland, OneRepublic",Unknown
"MR. PROBZ, ROBIN SCHULZ",Unknown
THE WEEKND,Canada
miguel luz,Unknown
Iñigo Quintero,Spain
Calvin Harris,Scotland
MITSKI,United States of America
"Maninho, Marisa Liz",Unknown
"Coldplay, BTS",Unknown
FERNANDO DANIEL,Portugal
LADY GAGA FT. BRADLEY COOPER,Unknown
Carminho,Portugal
Domingues,Mozambique
Lizzo,United States of America
Swedish House Mafia,Unknown
TOPIC FT. A7S,Sweden
Miguel,Unknown
DAVID KUSHNER,United States of America
Lauren Spencer-Smith,Canada
YEARS & YEARS,Unknown
PASSENGER,Unknown
FLOYYMENOR feat. CRIS MJ,Unknown
Amor Electro,Unknown
Olivia Rodrigo,United States of America
PATTI LABELLE [+] MICHAEL MCDONALD,Unknown
StaySolidRocky ,United States of America
CHRIS DE BURGH,Ireland
branko,Unknown
Sara Bareilles,United States of America
JAMES BLUNT,United Kingdom
"Ed Sheeran, Taylor Swift",Unknown
TETO,Unknown
"Metro Boomin, The Weeknd, 21 Savage",Unknown
Nenny,Portugal
TIMBALAND [+] ONEREPUBLIC,United States of America
"Kygo, Conrad",Norway
NININHO VAZ MAIA,Portugal
"ROSÉ, BRUNO MARS",Unknown
FEID & REMA,Colombia
ARIANA GRANDE,United States of America
"Sia, Diplo, The Weeknd",Unknown
ARIANA GRANDE [+] ZEDD,Unknown
"NUNO RIBEIRO, CALEMA, MARIZA",Unknown
J Balvin ,Colombia
"Alicia Keys, Bono",Ireland
MELIM,Unknown
DURAN DURAN,Unknown
David Archuleta,United States of America
TRIBALISTAS,Unknown
"H.E.R., Bryson Tiller",United States of America
J. BALVIN feat. KHALID,Unknown
"Fernando Daniel, Melim",Portugal
Tommy Richman,United States of America
"Nelly, Jahiem",Unknown
Tate McRae,Canada
DILLAZ,Portugal
"Jorja Smith, Preditah",United Kingdom
Travis Scott,United States of America
IVANDRO FEAT. VAN ZEE,Portugal
Vanessa Carlton,United States of America
Glass Animals,Unknown
"Flo Rida, David Guetta",Unknown
ARTEMAS,United Kingdom
CALVIN HARRIS x RAG N BONE MAN,Unknown
"KYGO, CONRAD",Norway
Alessia Cara,Italy
t-rex,Unknown
Os Quatro e Meia,Unknown
PEDRO MÁFAMA,Portugal
Noah Kahan,United States of America
HMB,Unknown
MIZZY MILES feat. DEEJAY TELIO & TETO & GSON,Unknown
ANA CASTELA & AGROPLAY,Brazil
MR BIG,Unknown
Frank Ocean,United States of America
"Eminem, Dido",United Kingdom
Klepht,Unknown
Rauw Alejandro,United States of America
Dua Lipa,United Kingdom
NENA,Germany
"HUGEL, TOPIC, ARASH",Unknown
Tiesto,Kingdom of the Netherlands
MIKE 11 ft. D.A.M.A.,Unknown
GLASS ANIMALS,Unknown
IVANDRO FEAT. JULINHO KSD,Unknown
DEEJAY RIFOX x TIA VIVIX,Unknown
"ZERB, SOFIYA NZAU",Kenya
KEANE,Unknown
Sade,France
Magic!,United States of America
"Pitbull, Ne-Yo",Unknown
NELLY [+] KELLY ROLAND,Unknown
NOAH KAHAN,United States of America
vasco palmeirim,Portugal
Dermot Kennedy,Ireland
Charli XCX,United Kingdom
Pink,Unknown
"H.E.R., Daniel Caesar",Canada
Kevin o Chris,Brazil
DA WEASEL,Unknown
MILEY CYRUS,United States of America
"Mary J. Blige, U2",Unknown
Thirty Seconds to Mars,Unknown
Kappa Jotta,Portugal
Green Day,Unknown
"João Pedro Pais, Mafalda Veiga",Portugal
JULINHO KSD,Unknown
Nelly Furtado,Canada
COLDPLAY,Unknown
IMAGINE DRAGONS,Unknown
CALEMA,Unknown
NELLY,United States of America
Adam Port,Unknown
Carolina de Deus,Unknown
NATIRUTS [+] MONICA FERRAZ,Unknown
"B.o.B., Bruno Mars",Unknown
Dove Cameron,United States of America
HUGEL x TOPIC x ARASH feat. DAECOLM,Unknown
"TYLA, GUNNA & SKILLIBENG",Unknown
"Lost Frequencies, Calum Scott",Unknown
Giulia Be,Brazil
GAVIN JAMES,Unknown
Elas,Unknown
BÁRBARA BANDEIRA,Portugal
KAPO,Unknown
Gnarls Barkley,Unknown
MATUE feat. RICH THE KID,Brazil
"Duncan Laurence, Fletcher",Kingdom of the Netherlands
Addison Rae,United States of America
ANNE-MARIE FEAT. SHANIA TWAIN,Unknown
TREZE,Unknown
Bryan Adams,Canada
"Craig David, Sting",Unknown
MADONNA,United States of America
PROFJAM,Portugal
COLBIE CAILLAT,United States of America
BRYAN ADAMS,Canada
Avicii,Sweden
ROSA LINN,Armenia
MAROON 5,Unknown
JAMES MORRISON [+] NELLY FURTADO,Canada
Drake,Unknown
Mario,Mushroom Kingdom
Britney Spears,United States of America
Mike11,Unknown
JOE COCKER [+] JENNIFER WARNES,United States of America
"Jessie Murph, Teddy Swims",Unknown
"Dengaz, Seu Jorge",Unknown
PLUTONIO,Portugal
NELLY FURTADO feat. TIMBALAND,Unknown
ZZOILO & AITANA,Spain
LON3R JOHNY x PLUTONIO,Unknown
Ellie Goulding,United Kingdom
MIGUEL CARMONA FT. RITA ROCHA,Brazil
Calema,Unknown
American Hi-Fi,Unknown
MICHAEL MARCAGI,Unknown
BLUAY FEAT. IRINA BARROS,Unknown
"ADAM PORT, STYV, KEINEMUSIK, ORSO, MALACHII",Unknown
MURTA,Unknown
Lorde,New Zealand
NUNO RIBEIRO,Portugal
"DISTURBED, CYRIL REMIX",Unknown
TRAVIS SCOTT,United States of America
Halsey,Unknown
CHRIS BROWN,United States of America
BARBARA BANDEIRA,Portugal
Polo G,United States of America
John Mayer,United States of America
Maro,Unknown
Irma,Unknown
DAVID GUETTA,France
"ANJOS, NUNO RIBEIRO",Portugal
Djo,United States of America
BÁRBARA TINOCO,Portugal
EVANESCENCE,Unknown
Soraia Tavares,Unknown
"Matias Damásio, Heber",Angola
THE WEEKND feat. DAFT PUNK,Unknown
CALVIN HARRIS feat. RIHANNA,Unknown
DJ TOPO,Unknown
Luan Pereira,Brazil
BLACK EYED PEAS x J. BALVIN,Unknown
BIA CABOZ,Unknown
DEEJAY TELIO & YASMINE,Unknown
IVANDRO,Brazil
"David Guetta, Sam Martin",Unknown
BAD BUNNY & JHAY CORTEZ,Unknown
Arizona Zervas,United States of America
"KALI UCHIS, PESO PLUMA",Mexico
LUISA SONZA feat. KAYBLACK,Unknown
Post Malone ,United States of America
CHARLIE JEER,Unknown
MICHAEL KIWANUKA,United Kingdom
SHABOOZEY,United States of America
NE-YO,United States of America
Avril Lavigne,Canada
Edward Maya,Romania
CROWDED HOUSE,Unknown
MC Zaac,Unknown
"ARIANA GRANDE, NICKI MINAJ",Unknown
"Rihanna, Calvin Harris",Scotland
"David Guetta, Sia",Unknown
Jack Harlow,United States of America
Nicky Jam ,United States of America
RUDIMENTAL x SKEPSIS feat. CHARLOTTE PLANK & RIKO DAN,Unknown
Miguel Araújo,Peru
MARIZA,Portugal
VAN ZEE,Unknown
Rag'n'Bone Man,United Kingdom
Sam the Kid,Portugal
Fingertips,Unknown
Lil Nas X,United States of America
KAROL G. x NICKI MINAJ,Unknown
Vitor Kley,Brazil
"Inês Apenas, Irma",Unknown
Adele,United Kingdom
PEGGY GOU,South Korea
Veigh,United States of America
DAVID GUETTA & BEBE REXHA,Unknown
MARK AMBOR,United States of America
"Pedro Abrunhosa, Camané",Unknown
Frances,Unknown
Mafalda Veiga,Portugal
JAX JONES & ZOE WEES,Germany
Dillaz,Portugal
SEBASTIAN YATRA,Colombia
"ALEC BENJAMIN, KHALID",Unknown
Diana Castro,United States of America
BANDIDOS DO CANTE,Unknown
Gabriella Cilmi,Australia
OUTKAST,Unknown
VIRGUL,Unknown
"THE CHAINSMOKERS, COLDPLAY",Unknown
JOANA OLIVEIRA,Spain
Bryant Barnes,United States of America
SABRINA CARPENTER,United States of America
Dave,Unknown
DANNI GATO x VIRGUL,Unknown
PANIC! AT THE DISCO,Unknown
Pearl Jam,Unknown
"Elton John, Britney Spears",Unknown
"Elton John, Dua Lipa",Unknown
FIFTY FIFTY,Unknown
"Sam Smith, Alicia Keys",Unknown
Daniel Powter,Canada
SHAKIRA [+] ALEJANDRO SANZ,Spain
CHAPPELL ROAN,United States of America
Mizzy Miles,Unknown
Beatriz Caixinha,Brazil
Muse,Unknown
"KAPPA JOTTA, MUN",Unknown
SZA,United States of America
Amy MacDonald,United Kingdom
JACK HARLOW,United States of America
JUSTIN TIMBERLAKE,United States of America
LUIS TRIGACHEIRO,Portugal
Jason Mraz,United States of America
WIU & Teto,Unknown
"Carolina Deslandes, Rui Veloso",Portugal
Kurt Nilsen,Norway
50 Cent ,United States of America
21 SAVAGE,United States of America
Natasha Bedingfield,United Kingdom
The Calling,Unknown
Conan Gray,United States of America
QUAVO & LANA DEL REY,Unknown
Eminem,United States of America
"Nelly, Kelly Rowland",Unknown
JUSTIN TIMBERLAKE [+] NELLY FURTADO,Canada
Shouse,Unknown
BLACK EYED PEAS,Unknown
D4VD,United States of America
Damiano David,Italy
Lon3r Johny,Portugal
JUICE WRLD,United States of America
ANITTA,Brazil
"Kygo, Jonas Brothers",United States of America
ED SHEERAN,United Kingdom
FLORITO,Unknown
Florence and the Machine,Unknown
António Zambujo,Portugal
"JOANA ALMEIRANTE, SAMUEL URIA",Unknown
JAMES INGRAM [+] PATTY AUSTIN,United States of America
Michael Jackson,United States of America
Bispo,Unknown
KYLIE MINOGUE,Australia
LIAM PAYNE feat. QUAVO,Unknown
"Pedro Abrunhosa, Cat",Unknown
"Gary Jules, Michael Andrews",United States of America
"Rihanna, Mikky Ekko",Unknown
MEGAN THEE STALION & DUA LIPA,Unknown
ADRIANA CALCANHOTO,Brazil
Sétima Legião,Unknown
Train,Unknown
"Madonna, Timbaland, Justin Timberlake",Unknown
Colbie Caillat,United States of America
Lost Frequencies,Belgium
LIZZO,United States of America
Gayle,Unknown
RICHIE CAMPBELL FEAT. VAN ZEE & FRANKIEONTHEGUITAR,Unknown
NIALL HORAN,Ireland
Jasmine Thompson,United Kingdom
"Rihanna, Eminem",Unknown
KENDRICK LAMAR,United States of America
BAD BUNNY,United States of America
Passenger [uk],United Kingdom
LYKKE LI,Sweden
ZUCCHERO [+] PAUL YOUNG,Unknown
JAY SEAN feat. LIL WAYNE,Unknown
NATASHA BEDINGFIELD,United Kingdom
Vários: Homenagem RC a Carlos do Carmo,Unknown
BOYZ II MEN,Unknown
GIULIA BE feat. LUAN SANTANA,Brazil
MYLES SMITH,United Kingdom
"Madcon, Ray Dalton",Unknown
"DOJA CAT, SZA",Unknown
CAPITAL CITIES,Unknown
BL3SS & CAMRINWATSIN feat. BBYCLOSE,Unknown
JUNG KOOK feat. LATTO,Unknown
GRACIE ABRAMS,United States of America
"TWOLOLORS, SAFRI DUO, CHRIS DE SARAJDY",Unknown
DUA LIPA,United Kingdom
TRAVIS SCOTT x BAD BUNNY & THE WEEKND,Unknown
Vários: Homenagem RC a Jorge Palma,Unknown
Billie Eilish,United States of America
Ivete Sangalo,Brazil
DRAKE feat. WIZKID & KYLA,Unknown
Marisa Liz,Portugal
TIMBALAND,United States of America
Sebastian Yatra,Colombia
Tom Walker,Unknown
IVANDRO FEAT. BISPO,Portugal
"Miguel Araújo, Os Quatro e Meia",Unknown
RITON X NIGHTCRAWLERS FT. MUFASA E HYPEMAN,Unknown
SHAGGY feat. RAYVON,Unknown
Alex Warren,United States of America
Kodaline,Unknown
Virgem Suta,Unknown
Jason Derulo,United States of America
Dina,Unknown
MIKE POSNER,United States of America
DANIEL BEDINGFIELD,United Kingdom
ROSALIA,Spain
TINASHE,United States of America
"Carolina Deslandes, António Zambujo",Unknown
Alan Walker,Norway
MARY J. BLIGE,United States of America
"Camila Cabello, Ed Sheeran",Unknown
PRINCE AND THE REVOLUTION,Unknown
"James Morrison, Nelly Furtado",Canada
FrankieontheGuitar,Unknown
BILLY GILLIES feat. HANNAH BOLEYN,Unknown
Flo Rida ,United States of America
"Miguel Carmona, Rita Rocha",Unknown
Sech,Unknown
THE GAME feat. 50 CENT,Unknown
LOGIC feat. ALESSIA CARA & KHALID,Unknown
"D.A.M.A., BUBA ESPINHO",Unknown
DILLAZ feat. PLUTONIO,Unknown
SILVA FT. ANITTA,Unknown
Da Weasel,Unknown
TEDDY SWIMS,United States of America
"MARSHMELLO, MANUEL TURIZO",Unknown
Lenny Kravitz,United States of America
CHRIS ISAAK,United States of America
YANG,Unknown
Miley Cyrus,United States of America
The Underdog Project,Unknown
REAMONN,Unknown
WHITNEY HOUSTON,United States of America
AXWELL & INGROSSO,Unknown
CLEAN BANDIT feat. SEAN PAUL & ANNE-MARIE,Unknown
MACKLEMORE & RYAN LEWIS feat. RAY DALTON,Unknown
DJ Dadda,Portugal
POST MALONE,United States of America
THE WEEKND feat. ANITTA,Brazil
Jamiroquai,Unknown
Shawn Mullins,United States of America
Bad Bunny,United States of America
JOHN LENNON,United Kingdom
NORAH JONES,United States of America
JONAS BROTHERS,Unknown
BÁRBARA TINOCO FT. BÁRBARA BANDEIRA,Unknown
KATSEYE,Unknown
Years & Years,Unknown
"Beyoncé, Jay Z",Unknown
Coldplay,Unknown
One Direction,Unknown
SWEDISH HOUSE MAFIA FT. THE WEEKND,Unknown
Hoobastank,Unknown
Adriana Calcanhotto,Brazil
Camila Cabello,Cuba
Paulo Gonzo,Portugal
Corinne Bailey Rae,United Kingdom
Capicua,Portugal
Jamie Cullum,United Kingdom
BUBA ESPINHO FT. BANDIDOS DO CANTE,Unknown
FINGERTIPS,Unknown
JOVEM DIONISIO,Unknown
Sophie Ellis-Bextor,United Kingdom
"MAROON 5, SZA",Unknown
Salvador Sobral,Portugal
Charlie Puth,United States of America
SOPHIE ELLIS-BEXTOR,United Kingdom
BÁRBARA BANDEIRA FT. IVANDRO,Unknown
DIDO,Phoenicia
Álvaro de Luna,Crown of Castile
"Charlie Puth, Selena Gomez",Unknown
DILLAZ feat. JULINHO KSD,Unknown
André Sardet,Portugal
Xutos & Pontapés,Unknown
BECKY HILL,United Kingdom
Vasco Palmeirim,Portugal
Diana Krall,Canada
Anitta,Brazil
Nirvana,Unknown
PINK,Unknown
Benson Boone,United States of America
JAMES MORRISON,United Kingdom
BEYONCÉ,United States of America
India.Arie,United States of America
Luísa Sonza,Brazil
Maroon 5,Unknown
Nena [pt],Unknown
DAFT PUNK [+] PHARRELL WILLIAMS,Unknown
ZARA LARSSON x DAVID GUETTA,Unknown
DASHA,Unknown
DAVID GUETTA + ONEREPUBLIC,Unknown
Bon Jovi,Unknown
THE FRAY,Unknown
Delfins,Unknown
FLO RIDA,United States of America
Dasha,Unknown
"Diana Lima, Murta",Unknown
A GREAT BIG WORLD / CHRISTINA AGUILERA,Unknown
Calum Scott,United Kingdom
Charlotte Day Wilson,Canada
The Script,Unknown
Katy Perry,United States of America
CHARLI XCX FEAT. BILLIE EILISH,Unknown
"Ariana Grande, Brandy, Monica",Unknown
"MATIAS DAMÁSIO, CARLOS RIVERA",Unknown
RICK ASTLEY,United Kingdom
JoJo,United States of America
LL COOL J feat. EMINEM,Unknown
"Pedro Abrunhosa, Diogo Piçarra",Unknown
CHRIS BROWN feat. WIZKID,United States of America
Ivandro,Brazil
Shakira,Spain
KHALID,Unknown
Nickelback,Unknown
Jawsh 685,New Zealand
Plutónio,Portugal
FRED AGAIN.. & OBONGJAYAR,Unknown
VANESSA CARLTON,United States of America
Aurea,Unknown
MALUMA,Colombia
MORAD & GIMS,Democratic Republic of the Congo
Brandi Carlile,United States of America
SYRO FT. GISELA JOÃO,Unknown
"Gnash, Olivia O'Brien",United States of America
Katie Melua,Soviet Union
ProfJam,Portugal
MAE STEPHENS,United Kingdom
"JP Saxe, Julia Michaels",Canada
"METRO BOOMIN, THE WEEKND & 21 SAVAGE",Unknown
JUSTIN BIEBER & BENNY BLANCO,Unknown
JOJI,Japan
"John Mayer, Katy Perry",Unknown
SAM SMITH,United Kingdom
"Cian Ducrot, Ella Henderson",United Kingdom
Arctic Monkeys,Unknown
NICKELBACK,Unknown
Luís Trigacheiro,Portugal
"Ed Sheeran, Justin Bieber",Unknown
SEAN KINGSTON,Jamaica
WET BED GANG x LHAST,Portugal
"MIZZY MILES, VAN ZEE, BISPO",Portugal
Cabeças no Ar,Portugal
24kGoldn,United States of America
ANA MOURA,Portugal
RIHANNA feat. CALVIN HARRIS,Unknown
Taylor Swift,United States of America
Anna Nalick,United States of America
JULIETTE,Unknown
MYKE TOWERS,United States of America
Sofia Camara,Argentina
WIZKID feat. BRENT FAIYAZ,Unknown
Christina Aguilera,United States of America
Manuel Turizo,Colombia
Bizarrap,Argentina
ALOK & JESS GLYNNE,Unknown
Beyoncé,United States of America
LUISA SONZA,Brazil
MIZZY MILES FEAT. T-REX & ZARA G.,Unknown
"THE WEEKND, JENNIE, LILY-ROSE DEPP",United States of America
Khiaro,Unknown
CHARLI XCX,United Kingdom
Nico & Vinz,Unknown
Bob Sinclar,France
RAG N BONE MAN,United Kingdom
BIZARRAP & SHAKIRA,Unknown
"MEGAN TRAINOR, JOHN LEGEND",United States of America
TATE McRAE,Canada
WIU,Unknown
Fugees,Unknown
Juice WRLD,United States of America
BISPO FT. BARBARA TINOCO,Unknown
"DJ TOPO, SEU JORGE, MC LEOZIN & MC G15",Unknown
CALEMA & ZÉ FILIPE,Portugal
SHAWN MENDES,Canada
PEDRO MAFAMA,Portugal
 ,Unknown
FUTURE & METRO BOOMIN feat. KENDRICK LAMAR,Unknown
Becky G,United States of America
Clã,Unknown
Michele Morrone,Italy
Piso 21 ,Unknown
Lewis Capaldi,United Kingdom
"Justin Bieber, Benny Blanco",Unknown
Khalid,Unknown
ERIC CLAPTON,United Kingdom
MR. BELT & WEZOL,Unknown
BISPO feat. IVANDRO,Portugal
"Calum Scott, Leona Lewis",Unknown
Craig David,United Kingdom
Modjo,Unknown
Vários: Homenagem RC aos Xutos & Pontapés,Unknown
TOM ODELL,United Kingdom
FRANKIEONTHEGUITAR feat. IVANDRO & SLOW J.,Unknown
"D.A.M.A., Buba Espinho",Unknown
INSTINTO 26,Unknown
"TAYLOR SWIFT, POST MALONE",Unknown
TORANJA,Unknown
KYGO FT. SELENA GOMEZ,Unknown
JOE COCKER,United Kingdom
Maninho,Mozambique
Fumaxa,Unknown
"Zero 7, Sia, Sophie Barker",Unknown
Feid,Colombia
MAROON 5 feat. FUTURE,Unknown
"Márcia, JP Simões",Unknown
"Ivandro, Julinho Ksd",Unknown
BARBARA BANDEIRA FEAT. VEIGH,Unknown
"Bárbara Tinoco, Bárbara Bandeira",Portugal
"Pablo Alborán, Carminho",Unknown
Pedro Sampaio,Brazil
DIANA LIMA,Unknown
Internet Money,Unknown
CAROLINA DESLANDES,Portugal
FRENCH MONTANA feat. SWAE LEE,Unknown
JASON MRAZ,United States of America
"Travie McCoy, Bruno Mars",Unknown
S. Pedro,Brazil
LIL NAS X,United States of America
LOREEN,Sweden
Amy Winehouse,United Kingdom
Shaboozey,United States of America
"Nena [pt], Carolina de Deus",Unknown
John Legend,United States of America
J Balvin,Colombia
TOMMY RICHMAN,United States of America
Wet Bed Gang,Unknown
GRELO,Canada
CALVIN HARRIS feat. JOHN NEWMAN,Unknown
Lukas Graham,Unknown
"KYGO, AVA MAX",Unknown
"Kelsea Ballerini, Noah Kahan",Unknown
Matheus Paraizo,Unknown
Trovante,Portugal
Wiu,Unknown
NICOLAJ GRANDJEAN,Unknown
Bárbara Bandeira,Portugal
Paramore,Unknown
Counting Crows,Unknown
"Charlie Puth, Meghan Trainor",Unknown
Disturbed,Unknown
Mc Daniel,United States of America
"David Guetta, Kelly Rowland",Unknown
"ELTON JOHN, DUA LIPA",Unknown
"Taylor Swift, Post Malone",Unknown
"Swedish House Mafia, The Weeknd",Unknown
DAVE x CENTRAL CEE,United Kingdom
LIL NAS X feat. JACK HARLOW,Unknown
Kelly Clarkson,United States of America
"Mikkel Solnado, Joana Alegre",Unknown
"Lady Gaga, Bruno Mars",Unknown
"DJ SNAKE, JUSTIN BIEBER",Unknown
"Dua Lipa, DaBaby",Unknown
TWENTY ONE PILOTS,Unknown
The Weeknd,Canada
ANA CAROLINA & SEU JORGE,Unknown
Ariana Grande,United States of America
"Max [us], Gnash",United States of America
"Coldplay, Beyoncé",Unknown
CKay,Nigeria
DOVE CAMERON,United States of America
CHAMPAIGN,Unknown
David Fonseca,Portugal
"David Guetta, Bebe Rexha",Unknown
DANIEL POWTER,Canada
JIMIN,South Korea
MANESKIN,Unknown
EMELI SANDE,United Kingdom
"MARY J. BLIGE, U2",Unknown
"OFENBACH, NORMA JEAN MARTINE",Unknown
"FEID, ATL JACOB",Unknown
GUGA,Unknown
BEYONCE feat. SEAN PAUL,Unknown
"COLDPLAY FEAT. LITTLE SIMZ, BURNA BOY, ELYANNA & TINI",Unknown
ALESSIA CARA,Italy
Justin Timberlake,United States of America
MUMFORD & SONS,Unknown
"Carolina de Deus, António Zambujo",Unknown
EMINEM feat. RIHANNA,Unknown
MANINHO,Mozambique
Adam Lambert,United States of America
"Imagine Dragons, Elisa [it]",Unknown
Mark Ambor,United States of America
"Rosé, Bruno Mars",Unknown
Catarina Filipe,Brazil
JIMMY P. & KIKIMOTELEBA,Unknown
Fernando Daniel,Portugal
ZAYN,United Kingdom
FloyyMenor,Chile
LADY GAGA,United States of America
"BÁRBARA BANDEIRA, DILLAZ",Unknown
Karol G,Colombia
"Bárbara Bandeira, Ivandro",Portugal
Ed Sheeran,United Kingdom
"Wiz Khalifa, Charlie Puth",Unknown
Shawn Mendes,Canada
Omi,Unknown
PIKIKA,Unknown
"Daft Punk, Pharrell Williams",Unknown
"Rema, Selena Gomez",Unknown
lady gaga,United States of America
Daughtry,United States of America
INSTINTO 26 & IVANDRO,Unknown
BONNIE TYLER,United Kingdom
JUSTIN TIMBERLAKE feat. T.I.,Unknown
MICHAEL BOLTON,United States of America
Xamã,Brazil
PEDRO ABRUNHOSA,Portugal
CHRISTINA PERRI,United States of America
THE KID LAROI,Australia
PINK [+] NATE RUESS,United States of America
GNARLS BARKLEY,Unknown
"Bispo, Syro",Unknown
NDOTZ,Unknown
FLYING PICKETS,Unknown
Jamelia,United Kingdom
RIHANNA [+] MIKKY EKKO,Unknown
EROS RAMAZZOTTI,Italy
Gabrielle,Unknown
MATUE & VEIGH,Unknown
Tom Odell,United Kingdom
DOMINGUES,Mozambique
Sabrina Carpenter,United States of America
WALK THE MOON,Unknown
"BRUNO MARS & ANDERSON PAAK, SILK SONIC",Unknown
"USHER, LIL JON & lUDRACRIS",Unknown
Van Zee,Unknown
Chappel Roan,United States of America
DAMIEN RICE,Ireland
"Coldplay, Little Simz, Tini, Burna Boy, Elyanna",United Kingdom
PIRUKA,Portugal
BILLIE EILISH feat. KHALID,Unknown
MATHEUS PARAISO,Brazil
Humanos,Unknown
Oasis,Unknown
"Dengaz, Matay, Di Noise",Unknown
Limp Bizkit,Unknown
pedro abrunhosa,Portugal
"Pedro Abrunhosa, Sara Correia",Unknown
Snow Patrol,Unknown
Tom Grennan,United Kingdom
GNR,Unknown
xavi ,Unknown
Chris Rea,United Kingdom
"Murta, Jüra",Unknown
Matt Simons,United States of America
"Richie Campbell, Van Zee",Portugal
Silence 4,Unknown
Capitão Fausto,Unknown
Latte,Unknown
Miguel Luz,Unknown
"Usher, Beyoncé, Alicia Keys, JD",United States of America
Aragão,Brazil
Lamb,Unknown
Gavin Rossdale,United Kingdom
"Rita Rocha, Bárbara Tinoco",Brazil
CALUM SCOTT,United Kingdom
Alec Benjamin,United States of America
"JACOB COLLER, SHAWN MENDES, STORMZY",Unknown
André Amaro,Portugal
Dave Matthews Band,Unknown
SEAL,Unknown
GLADYS KNIGHT,United States of America
Ban,Unknown
"metro boomin, the weeknd, 21 savage ",Unknown
Simply Red,Unknown
"PEDRO TEIXEIRA DA MOTA feat. LON3R JOHNY, RICHIE CAMPBELL, PLUTONIO, VAN ZEE, PROFJAM & LHAST",Unknown
Justin Quiles ,United States of America
Duran Duran,Unknown
Tems ,Nigeria
karol g ,Colombia
Jay Z ,United States of America
MIGUEL LUZ,Unknown
LABRINTH [+] EMELI SANDE,United Kingdom
Lifehouse,Unknown
"Post Malone, Morgan Wallen",Unknown
SippinPurpp ,Unknown
ELLA HENDERSON,United Kingdom
PROCOL HARUM,Unknown
GARY JULES,United States of America
S.PEDRO,Brazil
AMBER MARK,Unknown
ALL 4 ONE,Unknown
vasco palmeirim e manhas da comercial,Portugal
IVE & DAVID GUETTA,Unknown
SIA and KYLIE MINOGUE,Unknown
GNASH & OLIVIA OBRIEN,Unknown
BETTE MIDLER,United States of America
ALISON MOYET,France
"Bárbara Bandeira, Dillaz",Unknown
ANITA BAKER,United States of America
TIM MOORE,Unknown
Eminem ,United States of America
Mick Jagger,United Kingdom
Damien Rice,Ireland
"Ariana Grande, Justin Bieber",Unknown
Mind da Gap ,Unknown
SIMON & GARFUNKEL,Unknown
SIMPLY RED,Unknown
NOBLE,Unknown
Bazzi,United States of America
NAILL HORAN,Unknown
"Paulo Gonzo, Lúcia Moniz",Unknown
GRANDE PULSAR,Unknown
PAUL MCCARTNEY,United Kingdom
REO SPEEDWAGON,Unknown
"Seu Jorge, Ana Carolina",Unknown
Piruka ,Portugal
"Bruno Mars, Anderson .Paak, Silk Sonic, Thundercat, Bootsy Collins",Unknown
Camilo ,Unknown
MARIAH CAREY,United States of America
The Pussycat Dolls,Unknown
The Paper Kites,Unknown
Pop Smoke ,United States of America
TATIANA DUARTE,Unknown
ROXY MUSIC,Unknown
SALVADOR SOBRAL,Portugal
KOOL & THE GANG,Unknown
6ix9ine ,United States of America
mariza,Portugal
Emeli Sandé,United Kingdom
Ashe,Unknown
TOTO,Unknown
VADO MAS KI AS & IVANDRO,Unknown
LIONEL RICHIE,United States of America
Música de Natal - 2023,Brazil
OFENBACH feat. JUSTIN JESSO,Unknown
MICHAEL BUBLE,Canada
"Stephen Sanchez, Em Beihold",United States of America
Mos Def ,United States of America
TAKE THAT,Unknown
"Rag'n'Bone Man, Pink",United Kingdom
CHRIS DE BURG,Ireland
Joana Almeirante,Unknown
Future ,Unknown
"KAROL G., FEID, DFZM, OVY ON THE DRUMS, J BALVIN, MALUMA, BLESSED & RYAN CASTRO",Unknown
"MATIAS DAMÁSIO, D.A.M.A.",Unknown
Ruth B.,Canada
CHRISTOPHER CROSS,United States of America
POST MALONE feat. 21 SAVAGE,Unknown
ROSE & BRUNO MARS,Unknown
THE WEEKND FEAT. PLAYBOI CARTI & MADONNA,Unknown
SWEDISH HOUSE MAFIA with THE WEEKND,Unknown
plutonio,Portugal
"Jason Mraz, Colbie Caillat",Unknown
Jessie Ware,United Kingdom
Billie Eilish ,United States of America
SEVDALIZA with PABLLO VITTAR & YSEULT,Unknown
Bárbara Bandeira ,Portugal
The Killers,Unknown
Jimin ,South Korea
"RITON, NIGHTCRAWLERS, MUFASA, HYPERMAN",Unknown
Bluay,Portugal
DaBaby,United States of America
Grelo ,Canada
Ava Max,United States of America
Metro Boomin,United States of America
Selena Gomez,United States of America
MATHEUS PARAIZO,Unknown
KYGO & AVA MAX,Unknown
NELSON FREITAS,Unknown
Michael Bublé,Canada
KAPPA JOTTA feat. MUN,Unknown
TWOCOLORS x SAFRI DUO x CHRIS DE SARANDY,Unknown
gigi perez,United States of America
Julia Michaels,United States of America
T-REX,Unknown
Maroon 5 ,Unknown
Rádio Macau,Unknown
"Valas, Raquel Tavares",Unknown
BLUAY x JULINHO KSD,Unknown
Sabrina Carpenter ,United States of America
THE KID LAROI FT. JUSTIN BIEBER,Unknown
UHF,Unknown
Ja Rule ,United States of America
Anitta ,Brazil
MICHAEL MARCAGI feat. JOY OLADOKUN,Unknown
Dan + Shay,Unknown
LISA,Unknown
PABLLO VITTAR & DUDA BEAT,Unknown
gracie abrams,United States of America
METRO BOOMIN feat. THE WEEKND & 21 SAVAGE,Unknown
JUSTIN BIEBER feat. SKRILLEX & BLOOD DIAMONDS,Unknown
Akon,Senegal
"Vado Mas Ki Ás, Ivandro",Unknown
Bzrp,Argentina
D.A.M.A. FEAT. LOS ROMEROS,Colombia
The Kid Laroi,Australia
mc tuto & dj g,Unknown
Zzoilo,Unknown
Jüra,Unknown
"Miguel Araújo, António Zambujo",Portugal
D.A.M.A. FEAT. BUBA ESPINHO,Unknown
Lil Nas X ,United States of America
PEDRO SAMPAIO & GASPARZINHO,Unknown
THE KID LAROI feat. JUSTIN BIEBER,Unknown
MIKE 11 FEAT. D.A.M.A.,Unknown
BEYONCÃ‰ FEAT. JAY-Z,Sweden
AgroPlay,Mexico
THE CHAINSMOKERS feat. HALSEY,Unknown
TAYLOR SWIFT FEAT. POST MALONE,Unknown
BARBARA BANDEIRA feat. IVANDRO,Portugal
THE CHAINSMOKERS feat. COLDPLAY,Unknown
Ivandro ,Brazil
MARSHMELLO & MANUEL TURIZO,Unknown
Syro,Unknown
Beyoncé ,United States of America
Olivia Rodrigo ,United States of America
"Meghan Trainor, John Legend",Unknown
Luke Combs,United States of America
JOEL CORRY,United Kingdom
POST MALONE & MORGAN WALLEN,Unknown
Bad Bunny ,United States of America
ADAM PORT,Unknown
BARBARA BANDEIRA FEAT. DILLAZ,Unknown
Amber Mark,Unknown
CALEMA & ZÃ‰ FILIPE,Unknown
"rose, bruno mars",Unknown
RICHIE CAMPBELL x SLOW J x LHAST,Portugal
BEYONCÃ‰,Sweden
Andra Day,United States of America
pedro sampaio & marina sena,Unknown
KAROL G.,Colombia
SYRO FEAT. BISPO,Unknown
THE WEEKND feat. ARIANA GRANDE,Unknown
ESTELLE feat. KANYE WEST,Unknown
Benson Boone ,United States of America
bispo,Unknown
Van Zee ,Unknown
TIMBALAND feat. ONEREPUBLIC,Unknown
REMA & SELENA GOMEZ,Unknown
Luísa Sonza ,Brazil
GRAND PULSAR,Unknown
Lady Gaga ,United States of America
The Weeknd ,Canada
JAO,Unknown
BISPO FEAT. BARBARA TINOCO,Portugal
DISTURBED,Unknown
Calema ,Unknown
Gims ,Democratic Republic of the Congo
Elton John,United Kingdom
IVANDRO & VITOR KLEY,Unknown
the weeknd,Canada
Demi Lovato,United States of America
JAY-Z feat. ALICIA KEYS,Unknown
Sech ,Unknown
Richie Campbell ,United Kingdom
Pedro Sampaio ,Brazil
RITON x NIGHTCRAWLERS feat. MUFASA & HYPEMAN,Unknown
"SONNY FODERA, JAZZY & D.O.D.",Australia
MATUE,Brazil
ALOK feat. ANITTA,Brazil
JENNIE,Unknown
MARIANA PEREIRA,Portugal
Logic ,Unknown
JADE feat. CHANNEL TRES,Unknown
OMAR COURTZ & DE LA ROSE,Unknown
"Hugel, Arash, Topic, Daecolm",Unknown
Lunay ,Unknown
RACHEL PLATEN,United States of America
FAITH NO MORE,Unknown
XTINTO,Unknown
THE WEEKND FEAT. PLAYBOI CARTI,Unknown
BIA CABOZ & PIRUKA,Unknown
Gigi Perez,United States of America
MARTIM SEABRA,Unknown
EURYTHMICS,Unknown
Rosé,Unknown
10 cc,Unknown
LEO SAYER,United Kingdom
"A Great Big World, Christina Aguilera",Unknown
MYKE TOWERS feat. BENNY BLANCO,United States of America
STEVIE WONDER,United States of America
THE KID LAROI & QUAVO,Unknown
"Blue, Elton John",Unknown
CATARINA CASTANHAS,Unknown
Rádio Comercial,Unknown
Mc Tuto,Unknown
ZARA G.,Unknown
Goo Goo Dolls,Unknown
IVANDRO feat. LUDMILLA,Unknown
"Empire [cast], Estelle, Jussie Smollett",United States of America
CYNDI LAUPER,United States of America
Sheryl Crow,United States of America
"Labrinth, Emeli Sandé",United Kingdom
Bush,Unknown
Bill Nighy,United Kingdom
"Vanesa Martin, Matias Damásio",Angola
SARA TAVARES,Portugal
"Richie Campbell, Slow J",Unknown
BRANKO feat. JULY 7,Unknown
Los Benjamins ,Unknown
TIAGO BANDEIRA,Unknown
sabrina carpenter,United States of America
GINO VANELLI,Italy
Gracie Abrams ,United States of America
Kehlani,United States of America
KORGIS,Unknown
Valete ,Portugal
MURTA feat. JURA,Unknown
GEORGE MICHAEL,United Kingdom
"Billie Eilish, Khalid",Unknown
"Noah Cyrus, Leon Bridges",Unknown
CLANNAD [+] BONO,Unknown
BENEE,New Zealand
Lil Wayne ,United States of America
Vários - Band Aid,United Kingdom
R. CITY [+] ADAM LEVINE,United States of America
Jack Harlow ,United States of America
Musiq Soulchild,United States of America
H.E.R.,United States of America
"Martin Garrix, Dua Lipa",Unknown
FLO feat. GLORILLA,Unknown
"deejay telio, irina barros",Unknown
KC & THE SUNSHINE BAND,Unknown
BOYZONE,Unknown
Trevor Daniel ,Unknown
ANNIE LENNOX,United Kingdom
"ProfJam, Lhast",Portugal
Papillon ,Unknown
JUICE WRLD & NICKI MINAJ,Unknown
"Mind da Gap, Sam the Kid",Unknown
"Sérgio Godinho, Clã",Portugal
dillaz,Portugal
Ornatos Violeta,Unknown
Filipe Gonçalves,Portugal
flowerovlove,Unknown
MILHANAS,Unknown
Perrie,United Kingdom
Zach Bryan,United States of America
Daniela Soares,Unknown
GIFT,Unknown
Sam Fender,United Kingdom
"Raissa, Rahim Redcar",Unknown
Ozuna ,United States of America
Farruko ,United States of America
"PETER CETERA, AMY GRANT",United States of America
S1mba ,United Kingdom
"Nelson Freitas, Richie Campbell",Unknown
Música de Natal - 2019,Brazil
BAND AID,Unknown
AGIR,Unknown
KESHI,Unknown
Camila Cabello ,Cuba
DAMIANO DAVID,Italy
USA for Africa,Unknown
PAULA ABDUL,United States of America
"Deejay Telio, Irina Barros",Unknown
"Paulo Gonzo, Olavo Bilac",Unknown
Jorge Palma,Portugal
CENTURY,Unknown
"Sérgio Mendes, Seu Jorge",Unknown
YBN Nahmir ,United States of America
"Ana Encarnação, Idina Menzel",Unknown
WHY DONT WE,Unknown
NOAH CYRUS,United States of America
MIA ROSE,Portugal
MARTIN GARRIX & JEX,Unknown
"Bid, Seu Jorge, Alok",Brazil
Robbie Williams,United Kingdom
Música de Natal - 2018,Brazil
DAN + SHAY,Unknown
THE POGUES [+] KIRSTY MACCOLL,United Kingdom
MICHAEL BUBLÉ,Canada
Tiago Nacarato,Portugal
Johnny Cash,United States of America
JAMIE FOXX,United States of America
Música de Natal - 2021,Brazil
XXXTentacion ,United States of America
Cláudia Pascoal,Portugal
KYGO & SANDRO CAVAZZA,Unknown
SHAWN MENDES FT. CAMILA CABELLO,Unknown
Jack Johnson,Unknown
"João Só, Tiago Nogueira",Portugal
MEGHAN TRAINOR,United States of America
Meghan Trainor,United States of America
"Ed Sheeran, Elton John",Unknown
kelly clarkson,United States of America
"carolina de deus, ricardo liz almeida",Unknown
LESLIE ODOM JR.,United States of America
CHARLIE PUTH,United States of America
"Robbie Williams, Jamie Cullum",United Kingdom
The Chainsmokers,Unknown
"Mary J. Blige, Sheryl Crow",Unknown
BACKSTREET BOYS,Unknown
WHAM,Unknown
"Usher, Ludacris, Lil Jon",Unknown
"Carolina de Deus, Ricardo Liz Almeida",Unknown
Ana Encarnação,Portugal
"Matias Damásio, D.A.M.A.",Unknown
SIGRID,Unknown
HANSON,Unknown
The Beatles,Unknown
Kate Hudson,United States of America
Música de Natal - 2022,Brazil
Vários,United States of America
KACEY MUSGRAVES feat. LEON BRIDGES,Unknown
Música de Natal - 2017,Unknown
EQUIPA RFM,Unknown
"mickael carreira, syro",Unknown
ED SHEERAN & ELTON JONH,Unknown
Eve ,Unknown
GWEN STEFANI feat. BLAKE SHELTON,Unknown
LATTE,Unknown
KASKADE feat. ERIKA,Israel
"Música de Natal - 2024, Vasco Palmeirim",Unknown
"MC MENOR JP, RAMONMIX & THE IRONIX",Unknown
RODGE feat. MEERAH,Unknown
MAR,Unknown
TOM GRENNAN,United Kingdom
JOJO feat. PJ MORTON,United States of America
John Lennon,United Kingdom
Kelly Rowland,United States of America
CELINE DION,Canada
ROSE,Unknown
CUCA ROSETA,Portugal
MICHAEL JACKSON,United States of America
"Rosie O'Donnell, Elton John",Unknown
DESTINYS CHILD,Unknown
MIA JO,Canada
DEPRESNO,Norway
Jonas Brothers,Unknown
Wham!,Unknown
BLACK,Unknown
"The Pogues, Kirsty MacColl",United Kingdom
Kylie Minogue,Australia
SARAH MCLACHLAN,Canada
AVA MAX,United States of America
ELLA HENDERSON x AJ MITCHELL,United Kingdom
MICHAEL BUBLÃ‰,Unknown
MATT TERRY,United Kingdom
APRIL IVY,Portugal
Backstreet Boys,Unknown
SUMMER WALKER,United States of America
BRANDY,Unknown
"Ingrid Michaelson, Jason Mraz",United States of America
"DAVID GUETTA, ALPHAVILLE & AVA MAX",Unknown
AESPA,Unknown
TIMI DAKOLO feat. ERIC BENET,Unknown
CAMILA CABELLO,Cuba
BOBBY HELMS,United States of America
SHEPPARD,Unknown
PINK SWEAT$ & DONNY HATHAWAY,United States of America
Anna Kendrick,United States of America
JESS GLYNNE,United Kingdom
Plutónio ,Portugal
Maluma ,Colombia
"Robbie Williams, Bryan Adams",United Kingdom
RAUW ALEJANDRO feat. BAD BUNNY,Unknown
WIZKID,Nigeria
Queen,Unknown
116 feat. CRYSTAL NICOLE,Unknown
SEVYN STREETER,United States of America
Jon Bon Jovi,United States of America
Chappel Roan ,United States of America
LIAM PAYNE & DIXIE DAMELIO,United States of America
GUI ALY,Unknown
PALOMA FAITH & GREGORY PORTER,Unknown
Band Aid 40,Unknown
musica de natal rc - 2022,Unknown
Little Mix,Unknown
Kelly Clarkson feat Arianna Grande,United States of America
Stevie Wonder,United States of America
lon3r johny x profjam ,Unknown
"Ed Sheeran, Beyoncé",Unknown
ED SHEERAN & ELTON JOHN,Unknown
MACKLEMORE feat. DAN CAPLEN,Unknown
FRENCH MONTANA,Algeria
TOMAS ADRIAO,Portugal
MC Zaac ,Unknown
AGIR feat. LX STRINGS,Unknown
JIMMY FALLON feat. ARIANA GRANDE & MEGAN THEE STALLION,United States of America
ANNE-MARIE,United Kingdom
CAROL BIAZIN,Brazil
AMOR ELECTRO,Unknown
East 17,Unknown
The Housemartins,Unknown
Paul McCartney,United Kingdom
JUSTIN BIEBER feat. THE BAND PERRY,Canada
"Macklemore & Ryan Lewis, Wanz",Unknown
One Voice Children's Choir,Unknown
LIAM PAYNE,United Kingdom
"André Sardet, Carolina Deslandes",Unknown
BRYSON TILLER feat. JUSTIN BIEBER & POO BEAR,Unknown
CALUM SCOTT & CHRISTINA PERRI,Unknown
"MARIAH CAREY, KHALID & KIRK FRANKLIN",Unknown
CARLY SIMON,United States of America
INGRID MICHAELSON feat. ZOOEY DESCHANEL,United States of America
"Mariah Carey, John Legend",Unknown
CHRISTIANS,Unknown
QUEEN,Unknown
MILOW,Belgium
MABEL,Unknown
Idina Menzel,United States of America
tiago bandeira,Unknown
Don Omar ,United States of America
Matuê ,Brazil
SABRINA CLAUDIO & THE WEEKND,United States of America
LeAnn Rimes,United States of America
"Plutónio, Dillaz",Portugal
James,Unknown
"Anjos, Susana",Unknown
JOHN LEGEND feat. KELLY CLARKSON,United States of America
Louis Armstrong,United States of America
Vários: Homenagem RC a Sérgio Godinho,Unknown
IVO LUCAS feat. NONINHO NAVARRO,Unknown
"Macklemore & Ryan Lewis, Mary Lambert",Unknown
FELIX JAEHN & SHOUSE,Unknown
"CeeLo Green, The Muppets",United States of America
ivo lucas ft noninho navarro,Unknown
Paul Simon,United States of America
"Martin Garrix, Jex",Unknown
"Mickael Carreira, Syro",Unknown
"Kappa Jotta, Bispo",Portugal
LEFT.,Unknown
David Kushner,United States of America
"Kendrick Lamar, SZA",Unknown
Da Weasel ,Unknown
"Mónica Teotónio, Tiago Nogueira",Unknown
Nuno Ribeiro,Portugal
"Myles Smith, James Bay",Kingdom of England
"Khiaro, Átoa",Unknown
JAMES TW,England
Luan Pereira ,Brazil
Brandy,Unknown
Alanis Morissette,Canada
KAPPA JOTTA x BISPO,Portugal
"STROMAE, POMME",France
"Gwen Stefani, Blake Shelton",Unknown
"os quatro e meia, miguel araujo",Unknown
JOEL CORRY feat. MABEL,United Kingdom
PRINCE,Unknown
"Marisa Liz, Paulo de Carvalho, Simone de Oliveira, Alex D' Alva Teixeira, Carlão, Diogo Piçarra, Iolanda, Bárbara Tinoco, Cláudia Pascoal, Sara Correia, Luís Trigacheiro, Neyna",Unknown
"Calum Scott, Christina Perri",Unknown
Rosalía ,Spain
BILLY OCEAN,Trinidad and Tobago
"Os Quatro e Meia, Miguel Araújo,",Unknown
Lil Baby ,United States of America
SKAAR,Unknown
"kappa jotta, bispo",Portugal
JOSS STONE,United Kingdom
waze x mariana pereira,Unknown
"MÓNICA TEOTÓNIO, TIAGO NOGUEIRA",Unknown
LAUREN DAIGLE,United States of America
QUAVO & TEDDY SWIMS feat. LUKE BRYAN,Unknown
"IVO LUCAS, NONINHO NAVARRO",Unknown
TERENCE TRENT DARBY,United States of America
VAN ZEE & FRANKIEONTHEGUITAR,Portugal
INGRID MICHAELSON feat. LESLIE ODOM JR.,United States of America
COCO JONES,United States of America
"PETER GABRIEL, KATE BUSH",Unknown
FRANKIEONTHEGUITAR,Unknown
SAWEETIE,United States of America
POLISHED,Unknown
BARRY WHITE,United States of America
cris mj ,Chile
Jewel,Unknown
BING CROSBY with V of BTS,South Korea
"João Só, Carolina de Deus",Brazil
GENESIS,Unknown
"ANJOS, BUBA ESPINHO",Unknown
"MICHAEL BUBLÉ, CARLY PEARCE",Unknown
"Mafalda Veiga, Jorge Palma",Portugal
"Nuno Ribeiro, Rogg",Unknown
21 Savage ,United States of America
doismileoito,Unknown
Anuel AA ,United States of America
BECKY HILL x MK,United Kingdom
Márcia,United States of America
CARLA PRATA,Unknown
NLE Choppa ,United States of America
"Van Zee, FRANKIEONTHEGUITAR",Portugal
Joey Montana ,Panama
ALOK feat. CLEMENTINE DOUGLAS,Brazil
KENDRICK LAMAR & SZA,Unknown
DJ TUTO & DJ GLENNER,Unknown
SCOUTING FOR GIRLS,Unknown
ALEX WARREN with JOE JONAS,Unknown
BRYAN FERRY,United Kingdom
"ALEX WARREN, JOE JONAS",Unknown
"Jão, Anitta",Brazil
STING,Unknown
"ED SHEERAN, KHALID",Unknown
PATRICK SWAYZE,United States of America
PRETENDERS,Unknown
DJ TOPO ,Unknown
ANJOS FT. SORAIA RAMOS,Unknown
TINI,Argentina
Tommy Richman ,United States of America
Ricky Martin ,United States of America
TYGA,United States of America
Feid ,Unknown
OLLY ALEXANDER,United Kingdom
"Miguel Araújo, Inês Viterbo",Unknown
Slow J ,Portugal
Blackout,Unknown
Sara Tavares,Portugal
NEIL DIAMOND,United States of America
Mora ,Unknown
Taylor Swift ,United States of America
LOLA YOUNG,United Kingdom
ROD STEWART,United Kingdom
Sarah McLachlan,Canada
GLORILLA feat. KEHLANI,Unknown
ROSÉ,Unknown
CKAY feat. DJ YO! & AXEL,Unknown
Nat King Cole,United States of America
CHICAGO,Unknown
George Michael,United Kingdom
GEORGE MICHAEL [+] QUEEN,Unknown
NATALIE COLE,United States of America
Celine Dion,Canada
BRENDA LEE,United States of America
Whitney Houston,United States of America
CHRIS REA,United Kingdom
Joss Stone,United Kingdom
"Destiny's Child, Beyoncé",Unknown
Wiu ,Unknown
MICHAEL BUBLE [+] SHANIA TWAIN,Unknown
City High,Unknown
"Anavitória, Vitor Kley",Brazil
JEWEL,Unknown
Pentatonix,Unknown
CeCe Winans,United States of America
Jessica Simpson,United States of America
BON JOVI,Unknown
EARTHA KITT,United States of America
JOHN LEGEND FT. STEVIE WONDER,Unknown
PERRIE,United Kingdom
Sam the Kid ,Portugal
Cuca Roseta,Portugal
Tori Kelly,United States of America
Glee Cast,Unknown
Charice,Philippines
R Kelly,United States of America
TONY BENNETT,United States of America
HALL & OATES,Unknown
"Brett Eldredge, Meghan Trainor",United States of America
Coro De Santo Amaro De Oeiras,Unknown
DAVE MATHEWS [+] TIM REYNOLDS,United States of America
DEAN MARTIN,United States of America
Billy Lawson,Australia
Bob Dylan,United States of America
Dillaz ,Portugal
SUPREMES,Unknown
Fifth Harmony,Unknown
MERRY CAROL SINGERS,Unknown
Música de Natal - 2016,Brazil
Debbie Gibson,United States of America
Billy Pilgrim,Unknown
MIGUEL ANGELO,Unknown
PAUL YOUNG,United Kingdom
"JOSE FELICIANO , RANDY EDELMAN",United States of America
Música de Natal - 2020,Brazil
TOM PETTY,United States of America
RUI VELOSO,Portugal
DIANA KRALL,Canada
PETER CETERA,United States of America
Brett Eldredge,United States of America
Juice WRLD ,United States of America
DAVID FONSECA,Portugal
Dr. Dre ,United States of America
"ozuna, feid ",Unknown
João Só,Unknown
KSI,United Kingdom
Fábia Rebordão,Unknown
SLADE,Unknown
"bad bunny, chencho corleone ",United States of America
Roddy Ricch ,United States of America
JONAS BLUE [+] JP COOPER,Unknown
SNOOP DOGG & DR. DRE,Unknown
Ariana Grande ,United States of America
el alfa ,Dominican Republic
Internet Money ,Unknown
BARRY CAN'T SWIM,Unknown
JORJA SMITH,United Kingdom
DOM DOLLA,Unknown
LF SYSTEM,Unknown
"PURPLE DISCO MACHINE FEAT. BENJAMIN INGROSSO, NILE RODGERS & SHENSEEA",Germany
"VINTAGE CULTURE, MAVERICK SABRE & TOM BREU",United Kingdom
DAVID GUETTA & KIM PETRAS,Unknown
ASAKE x TRAVIS SCOTT,Unknown
Mizzy Miles ,Unknown
TWENTY SIX & TAYSON KRYSS,Unknown
KAMALA,Unknown
MADONNA vs. SICKICK,Unknown
CAMILA CABELLO FT. ED SHEERAN,Unknown
ROMY,France
FISHER x JENNIFER LOPEZ,Australia
FISHER feat. MERYLL,Unknown
karol g & peso pluma ,Mexico
BENNETT feat. MENTISSA,Unknown
"Maroon 5, Christina Aguilera",United States of America
NIMINO,Unknown
JAXOMY x AGATINO ROMERO x RAFAELLA CARRA,Unknown
Bluay ,Unknown
NELSON CUNHA,Unknown
DISCLOSURE,Unknown
FRED AGAIN.. feat. ANDERSON .PAAK and CHIKA,Unknown
WUKI,Unknown
"KAROL G, SHAKIRA",Unknown
"ROSALIA, RAUW ALEJANDRO",United States of America
"CALVIN HARRIS, SAM SMITH",Unknown
TOM SANTA,Unknown
ALOK x ELLA EYRE x KENNY DOPE feat. NEVER DULL,Brazil
"Natiruts, Mónica Ferraz",Unknown
CHRIS LAKE & ALUNA,Unknown
THE BLESSED MADONNA & KYLIE MINOGUE,Unknown
HYPATON x DAVID GUETTA feat. LA BOUCHE,Unknown
Arcade Fire,Unknown
ZERB & THE CHAINSMOKERS feat. INK,Unknown
RUFUS DU SOL,Unknown
KELIS,United States of America
ODEN x FATZO x POPPY BASKCOMB,Unknown
BURUNTUMA Y KAMALA,Unknown
Nelly,United States of America
"Diogo Piçarra, Bispo",Unknown
Jhay Cortez ,Puerto Rico
ALAN WALKER x MEEK,Unknown
"BAD BUNNY, ROSÁLIA",Unknown
ANSELMO RALPH,Angola
BOSTON,Unknown
"Sebastian Yatra, John Legend",Unknown
GUNNA,United States of America
JUNG KOOK,South Korea
FOREIGNER,Unknown
Chris Jeday ,Puerto Rico
SINÉAD OCONNOR,Ireland
Macklemore & Ryan Lewis ,Unknown
MORANDI X ENELI,Unknown
drake & 21savage ,United States of America
João Marques,Unknown
